{
  "latency_ms": 0.014400000000023283,
  "model_size_mb": 1.009531021118164,
  "memory_mb": 0.0
}