{
  "accuracy": 0.8793152181452452,
  "per_class": {
    "dos": {
      "precision": 1.0,
      "recall": 1.0,
      "f1": 1.0,
      "support": 83906
    },
    "fuzzy": {
      "precision": 0.6367200818274804,
      "recall": 0.10395791583166333,
      "f1": 0.1787337895391683,
      "support": 35928
    },
    "impersonation": {
      "precision": 0.9563676915724072,
      "recall": 0.6030425767876947,
      "f1": 0.7396776188845051,
      "support": 248868
    },
    "normal": {
      "precision": 0.8563799338894386,
      "recall": 0.9895368428028517,
      "f1": 0.9181556901380636,
      "support": 784658
    }
  },
  "confusion_matrix": [
    [
      83906,
      0,
      0,
      0
    ],
    [
      0,
      3735,
      768,
      31425
    ],
    [
      0,
      0,
      150078,
      98790
    ],
    [
      0,
      2131,
      6079,
      776448
    ]
  ],
  "confusion_matrix_labels": [
    "dos",
    "fuzzy",
    "impersonation",
    "normal"
  ],
  "classification_report_text": "               precision    recall  f1-score   support\n\n          dos       1.00      1.00      1.00     83906\n        fuzzy       0.64      0.10      0.18     35928\nimpersonation       0.96      0.60      0.74    248868\n       normal       0.86      0.99      0.92    784658\n\n     accuracy                           0.88   1153360\n    macro avg       0.86      0.67      0.71   1153360\n weighted avg       0.88      0.88      0.86   1153360\n"
}