{
  "latency_ms": 0.07537400000728667,
  "model_size_mb": 0.9508228302001953,
  "memory_mb": 0.12109375
}