{
  "latency_ms": 0.015522000612691045,
  "model_size_mb": 1.116511344909668,
  "memory_mb": 0.08203125
}