{
  "latency_ms": 0.041414580000491696,
  "model_size_mb": 52.29061794281006,
  "memory_mb": 0.0
}