{
  "accuracy": 0.8827937504335159,
  "per_class": {
    "dos": {
      "precision": 1.0,
      "recall": 1.0,
      "f1": 1.0,
      "support": 83906
    },
    "fuzzy": {
      "precision": 0.6559391456992393,
      "recall": 0.09360387441549767,
      "f1": 0.1638290098648155,
      "support": 35928
    },
    "impersonation": {
      "precision": 0.963501218929855,
      "recall": 0.6161780542295514,
      "f1": 0.7516567652883164,
      "support": 248868
    },
    "normal": {
      "precision": 0.8590233226649993,
      "recall": 0.9909578440543524,
      "f1": 0.9202860171058729,
      "support": 784658
    }
  },
  "confusion_matrix": [
    [
      83906,
      0,
      0,
      0
    ],
    [
      0,
      3363,
      474,
      32091
    ],
    [
      0,
      4,
      153347,
      95517
    ],
    [
      0,
      1760,
      5335,
      777563
    ]
  ],
  "confusion_matrix_labels": [
    "dos",
    "fuzzy",
    "impersonation",
    "normal"
  ],
  "classification_report_text": "               precision    recall  f1-score   support\n\n          dos       1.00      1.00      1.00     83906\n        fuzzy       0.66      0.09      0.16     35928\nimpersonation       0.96      0.62      0.75    248868\n       normal       0.86      0.99      0.92    784658\n\n     accuracy                           0.88   1153360\n    macro avg       0.87      0.68      0.71   1153360\n weighted avg       0.89      0.88      0.87   1153360\n"
}